{
	"info": {
		"_postman_id": "e830a74b-de2a-4913-8769-823e29ba9c3c",
		"name": "keshri-spring-boot-aws-crud-demo",
		"schema": "https://schema.getpostman.com/json/collection/v2.1.0/collection.json",
		"_exporter_id": "4221886"
	},
	"item": [
		{
			"name": "Add Employee",
			"request": {
				"method": "POST",
				"header": [],
				"body": {
					"mode": "raw",
					"raw": "{\r\n    \"id\": 5,\r\n    \"firstName\": \"Kumar\",\r\n    \"lastName\": \"Saurav\",\r\n    \"emailId\": \"kumarsauravh@gmail.com\"\r\n}",
					"options": {
						"raw": {
							"language": "json"
						}
					}
				},
				"url": {
					"raw": "localhost:5000/employees",
					"host": [
						"localhost"
					],
					"port": "5000",
					"path": [
						"employees"
					]
				}
			},
			"response": []
		},
		{
			"name": "Get Employee By Id",
			"request": {
				"method": "GET",
				"header": [],
				"url": {
					"raw": "localhost:5000/employees?id=3",
					"host": [
						"localhost"
					],
					"port": "5000",
					"path": [
						"employees"
					],
					"query": [
						{
							"key": "id",
							"value": "3"
						}
					]
				}
			},
			"response": []
		},
		{
			"name": "Get Employees",
			"request": {
				"method": "GET",
				"header": [],
				"url": {
					"raw": "localhost:5000/employees",
					"host": [
						"localhost"
					],
					"port": "5000",
					"path": [
						"employees"
					]
				}
			},
			"response": []
		},
		{
			"name": "Update Employee",
			"request": {
				"method": "PUT",
				"header": [],
				"body": {
					"mode": "raw",
					"raw": "{\r\n    \"id\": 5,\r\n    \"firstName\": \"Kumar - UpdateTest\",\r\n    \"lastName\": \"Saurav\",\r\n    \"emailId\": \"kumarsauravh@gmail.com\"\r\n}",
					"options": {
						"raw": {
							"language": "json"
						}
					}
				},
				"url": {
					"raw": "localhost:5000/employees?id=5",
					"host": [
						"localhost"
					],
					"port": "5000",
					"path": [
						"employees"
					],
					"query": [
						{
							"key": "id",
							"value": "5"
						}
					]
				}
			},
			"response": []
		},
		{
			"name": "Delete Employee",
			"request": {
				"method": "DELETE",
				"header": [],
				"body": {
					"mode": "raw",
					"raw": "",
					"options": {
						"raw": {
							"language": "json"
						}
					}
				},
				"url": {
					"raw": "localhost:5000/employees?id=3",
					"host": [
						"localhost"
					],
					"port": "5000",
					"path": [
						"employees"
					],
					"query": [
						{
							"key": "id",
							"value": "3"
						}
					]
				}
			},
			"response": []
		}
	]
}